ID,DATA,DIA_SEMANA,HORARIO,ESTADO,MUNICIPIO,CAUSA_ACIDENTE,TIPO_ACIDENTE,CLASSIFICACAO_ACIDENTE,FASE_DIA,SENTIDO_VIA,CONDICAO_METEREOLOGICA,TIPO_PISTA,TRACADO_VIA,PESSOAS,MORTOS,ILESOS,FERIDOS,VEICULOS,REGIONAL,MES
338190,2021-02-02,terça-feira,16:10:00,SP,BARRA DO TURVO,Velocidade Incompatível,Colisão com objeto,Com Vítimas Feridas,Pleno dia,Crescente,Chuva,Dupla,Reta,4,0,2,2,3,SR-SP,2
338203,2021-02-02,terça-feira,18:14:00,SP,JUQUIA,Ausência de reação do condutor,Colisão com objeto,Com Vítimas Feridas,Anoitecer,Crescente,Garoa/Chuvisco,Dupla,Curva,4,0,2,2,1,SR-SP,2
338271,2021-02-03,quarta-feira,07:00:00,SP,JACAREI,Objeto estático sobre o leito carroçável,Incêndio,Sem Vítimas,Pleno dia,Decrescente,Sol,Dupla,Reta,1,0,1,0,1,SR-SP,2
338285,2021-02-03,quarta-feira,09:20:00,SP,TABOAO DA SERRA,Reação tardia ou ineficiente do condutor,Colisão traseira,Com Vítimas Feridas,Pleno dia,Decrescente,Sol,Múltipla,Reta,2,0,1,1,2,SR-SP,2
338312,2021-02-03,quarta-feira,11:40:00,SP,TAUBATE,Manobra de mudança de faixa,Colisão lateral mesmo sentido,Com Vítimas Feridas,Pleno dia,Decrescente,Céu Claro,Dupla,Reta,3,0,1,2,2,SR-SP,2
338339,2021-02-03,quarta-feira,15:10:00,SP,JUQUIA,Velocidade Incompatível,Colisão lateral mesmo sentido,Sem Vítimas,Pleno dia,Crescente,Céu Claro,Dupla,Não Informado,2,0,2,0,2,SR-SP,2
338404,2021-02-03,quarta-feira,20:55:00,SP,GUARULHOS,Reação tardia ou ineficiente do condutor,Colisão traseira,Com Vítimas Feridas,Plena Noite,Crescente,Nublado,Dupla,Desvio Temporário,3,0,0,2,3,SR-SP,2
338435,2021-01-30,sábado,18:10:00,SP,UBATUBA,Mal súbito do condutor,Tombamento,Com Vítimas Feridas,Pleno dia,Decrescente,Céu Claro,Simples,Reta,1,0,0,1,1,SR-SP,1
338439,2021-02-04,quinta-feira,04:00:00,SP,ATIBAIA,Condutor Dormindo,Saída de leito carroçável,Com Vítimas Feridas,Plena Noite,Decrescente,Céu Claro,Dupla,Reta,1,0,0,1,1,SR-SP,2
338461,2021-02-04,quinta-feira,05:30:00,SP,SAO PAULO,Velocidade Incompatível,Colisão lateral,Sem Vítimas,Pleno dia,Crescente,Céu Claro,Dupla,Reta,2,0,1,0,2,SR-SP,2
338477,2021-02-04,quinta-feira,10:00:00,SP,SAO JOSE DO RIO PRETO,Condutor deixou de manter distância do veículo da frente,Colisão traseira,Com Vítimas Feridas,Pleno dia,Crescente,Céu Claro,Dupla,Reta,5,0,4,1,5,SR-SP,2
338483,2021-02-04,quinta-feira,10:00:00,SP,APARECIDA,Condutor deixou de manter distância do veículo da frente,Colisão traseira,Com Vítimas Feridas,Pleno dia,Decrescente,Céu Claro,Dupla,Reta,2,0,0,1,2,SR-SP,2
338486,2021-02-04,quinta-feira,09:00:00,SP,CACAPAVA,Reação tardia ou ineficiente do condutor,Engavetamento,Sem Vítimas,Pleno dia,Crescente,Céu Claro,Dupla,Reta,3,0,3,0,3,SR-SP,2
338498,2021-02-04,quinta-feira,13:20:00,SP,GUARULHOS,Reação tardia ou ineficiente do condutor,Colisão com objeto,Com Vítimas Feridas,Pleno dia,Crescente,Céu Claro,Dupla,Reta,1,0,0,1,1,SR-SP,2
338514,2021-02-04,quinta-feira,14:45:00,SP,GUARULHOS,Manobra de mudança de faixa,Colisão lateral,Com Vítimas Feridas,Pleno dia,Crescente,Céu Claro,Múltipla,Não Informado,4,0,3,1,3,SR-SP,2
338537,2021-02-04,quinta-feira,16:00:00,SP,GUARULHOS,Condutor deixou de manter distância do veículo da frente,Colisão traseira,Com Vítimas Feridas,Pleno dia,Crescente,Nublado,Múltipla,Reta,3,0,1,2,2,SR-SP,2
338549,2021-02-04,quinta-feira,16:35:00,SP,PIQUETE,Acessar a via sem observar a presença dos outros veículos,Colisão transversal,Com Vítimas Feridas,Pleno dia,Crescente,Nublado,Simples,Reta,2,0,1,1,2,SR-SP,2
338557,2021-02-04,quinta-feira,18:25:00,SP,SAO PAULO,Manobra de mudança de faixa,Colisão lateral mesmo sentido,Com Vítimas Feridas,Pleno dia,Crescente,Nublado,Múltipla,Reta,2,0,1,1,2,SR-SP,2
338578,2021-02-04,quinta-feira,19:00:00,SP,CAJATI,Pista Escorregadia,Colisão traseira,Com Vítimas Feridas,Anoitecer,Decrescente,Garoa/Chuvisco,Simples,Curva,2,0,0,1,2,SR-SP,2
338584,2021-02-04,quinta-feira,20:00:00,SP,TAUBATE,Chuva,Colisão com objeto,Com Vítimas Feridas,Plena Noite,Crescente,Chuva,Dupla,Reta,2,0,0,2,1,SR-SP,2
338600,2021-02-04,quinta-feira,21:00:00,SP,SAO LOURENCO DA SERRA,Iluminação deficiente,Atropelamento de Pedestre,Com Vítimas Feridas,Plena Noite,Crescente,Céu Claro,Dupla,Reta,2,0,1,1,1,SR-SP,2
338610,2021-02-04,quinta-feira,21:00:00,SP,GUARULHOS,Demais falhas mecânicas ou elétricas,Incêndio,Sem Vítimas,Plena Noite,Decrescente,Céu Claro,Múltipla,Reta,2,0,2,0,1,SR-SP,2
338622,2021-02-05,sexta-feira,00:10:00,SP,SAO LOURENCO DA SERRA,Velocidade Incompatível,Saída de leito carroçável,Sem Vítimas,Plena Noite,Crescente,Céu Claro,Dupla,Reta,1,0,0,0,1,SR-SP,2
338652,2021-02-05,sexta-feira,07:50:00,SP,SAO PAULO,Condutor Dormindo,Colisão traseira,Sem Vítimas,Pleno dia,Crescente,Céu Claro,Dupla,Reta,2,0,2,0,2,SR-SP,2
338684,2021-02-05,sexta-feira,12:10:00,SP,UBATUBA,Acessar a via sem observar a presença dos outros veículos,Colisão transversal,Com Vítimas Feridas,Pleno dia,Decrescente,Céu Claro,Simples,Reta,2,0,0,2,2,SR-SP,2
338718,2021-02-05,sexta-feira,14:30:00,SP,JACAREI,Problema com o freio,Saída de leito carroçável,Sem Vítimas,Pleno dia,Decrescente,Garoa/Chuvisco,Dupla,Reta,1,0,1,0,1,SR-SP,2
338741,2021-02-05,sexta-feira,16:30:00,SP,GUARULHOS,Reação tardia ou ineficiente do condutor,Colisão traseira,Com Vítimas Feridas,Pleno dia,Decrescente,Nublado,Múltipla,Reta,2,0,1,1,2,SR-SP,2
338748,2021-01-13,quarta-feira,16:40:00,SP,ATIBAIA,Reação tardia ou ineficiente do condutor,Colisão traseira,Com Vítimas Feridas,Pleno dia,Decrescente,Chuva,Dupla,Reta,4,0,2,2,2,SR-SP,1
338772,2021-02-05,sexta-feira,18:30:00,SP,SAO JOSE DOS CAMPOS,Manobra de mudança de faixa,Colisão traseira,Com Vítimas Feridas,Anoitecer,Crescente,Chuva,Múltipla,Reta,2,0,1,1,2,SR-SP,2
338784,2021-02-05,sexta-feira,19:25:00,SP,SAO PAULO,Ausência de reação do condutor,Colisão lateral mesmo sentido,Com Vítimas Feridas,Plena Noite,Decrescente,Céu Claro,Múltipla,Reta,2,0,0,1,2,SR-SP,2
338792,2021-02-05,sexta-feira,19:45:00,SP,UBATUBA,Área urbana sem a presença de local apropriado para a travessia de pedestres,Atropelamento de Pedestre,Com Vítimas Feridas,Plena Noite,Crescente,Chuva,Simples,Reta,2,0,0,2,1,SR-SP,2
338798,2021-02-05,sexta-feira,21:37:00,SP,MAIRIPORA,Reação tardia ou ineficiente do condutor,Capotamento,Sem Vítimas,Plena Noite,Crescente,Nublado,Dupla,Reta,1,0,1,0,1,SR-SP,2
338827,2021-02-06,sábado,00:15:00,SP,SAO PAULO,Reação tardia ou ineficiente do condutor,Colisão traseira,Sem Vítimas,Plena Noite,Decrescente,Céu Claro,Múltipla,Reta,3,0,3,0,2,SR-SP,2
338855,2021-02-06,sábado,01:00:00,SP,GUARULHOS,Ausência de reação do condutor,Colisão traseira,Sem Vítimas,Plena Noite,Decrescente,Nublado,Dupla,Reta,2,0,0,0,2,SR-SP,2
338863,2021-02-06,sábado,02:00:00,SP,SAO PAULO,Ausência de reação do condutor,Capotamento,Sem Vítimas,Pleno dia,Crescente,Céu Claro,Dupla,Reta,1,0,0,0,1,SR-SP,2
338865,2021-02-06,sábado,07:15:00,SP,GUARULHOS,Velocidade Incompatível,Colisão com objeto,Com Vítimas Feridas,Pleno dia,Decrescente,Céu Claro,Múltipla,Reta,1,0,0,1,1,SR-SP,2
338892,2021-02-06,sábado,09:15:00,SP,SAO JOSE DO RIO PRETO,Ausência de reação do condutor,Colisão traseira,Com Vítimas Feridas,Pleno dia,Decrescente,Céu Claro,Dupla,Não Informado,3,0,0,3,2,SR-SP,2
338896,2021-02-06,sábado,10:00:00,SP,MARILIA,Ingestão de álcool pelo condutor,Colisão lateral sentido oposto,Com Vítimas Feridas,Pleno dia,Decrescente,Céu Claro,Simples,Reta,2,0,1,1,2,SR-SP,2
338903,2021-02-06,sábado,10:45:00,SP,ATIBAIA,Condutor deixou de manter distância do veículo da frente,Colisão traseira,Sem Vítimas,Pleno dia,Decrescente,Sol,Dupla,Reta,2,0,2,0,2,SR-SP,2
338906,2021-02-06,sábado,07:30:00,SP,JACUPIRANGA,Reação tardia ou ineficiente do condutor,Colisão traseira,Com Vítimas Feridas,Pleno dia,Crescente,Sol,Dupla,Reta,5,0,4,1,2,SR-SP,2
338909,2021-02-06,sábado,08:02:00,SP,JACUPIRANGA,Velocidade Incompatível,Queda de ocupante de veículo,Com Vítimas Feridas,Pleno dia,Crescente,Sol,Dupla,Reta,1,0,0,1,1,SR-SP,2
338931,2021-02-06,sábado,11:45:00,SP,SAO JOSE DOS CAMPOS,Condutor deixou de manter distância do veículo da frente,Colisão traseira,Com Vítimas Feridas,Pleno dia,Decrescente,Sol,Dupla,Não Informado,4,0,2,2,2,SR-SP,2
338954,2021-02-06,sábado,15:15:00,SP,UBATUBA,Ausência de reação do condutor,Colisão traseira,Com Vítimas Feridas,Pleno dia,Decrescente,Céu Claro,Simples,Reta,2,0,1,1,2,SR-SP,2
338960,2021-02-06,sábado,15:30:00,SP,ATIBAIA,Demais falhas mecânicas ou elétricas,Tombamento,Com Vítimas Feridas,Pleno dia,Decrescente,Nublado,Simples,Reta,2,0,0,2,1,SR-SP,2
339019,2021-02-06,sábado,19:50:00,SP,UBATUBA,Ingestão de álcool pelo condutor,Colisão frontal,Com Vítimas Feridas,Plena Noite,Crescente,Céu Claro,Simples,Reta,3,0,2,1,2,SR-SP,2
339052,2021-02-06,sábado,17:55:00,SP,LAVRINHAS,Reação tardia ou ineficiente do condutor,Saída de leito carroçável,Sem Vítimas,Pleno dia,Crescente,Nublado,Dupla,Não Informado,1,0,1,0,1,SR-SP,2
339086,2021-02-07,domingo,01:30:00,SP,GUARULHOS,Pedestre andava na pista,Atropelamento de Pedestre,Com Vítimas Feridas,Plena Noite,Crescente,Céu Claro,Dupla,Reta,2,0,1,1,1,SR-SP,2
339093,2021-02-07,domingo,02:58:00,SP,SAO PAULO,Ausência de reação do condutor,Atropelamento de Pedestre,Com Vítimas Feridas,Plena Noite,Decrescente,Nublado,Múltipla,Reta,6,0,3,2,3,SR-SP,2
339101,2021-02-07,domingo,04:00:00,SP,ICEM,Ingestão de álcool pelo condutor,Colisão com objeto,Sem Vítimas,Plena Noite,Crescente,Céu Claro,Simples,Não Informado,3,0,2,0,2,SR-SP,2
339111,2021-02-07,domingo,04:30:00,SP,SAO JOSE DOS CAMPOS,Demais falhas mecânicas ou elétricas,Colisão com objeto,Sem Vítimas,Plena Noite,Decrescente,Céu Claro,Dupla,Reta,2,0,2,0,1,SR-SP,2
339121,2021-02-07,domingo,05:50:00,SP,LORENA,Transitar no acostamento,Colisão lateral,Com Vítimas Feridas,Pleno dia,Crescente,Céu Claro,Dupla,Curva,1,0,0,1,1,SR-SP,2
339127,2021-02-07,domingo,04:30:00,SP,EMBU DAS ARTES,Condutor deixou de manter distância do veículo da frente,Colisão traseira,Com Vítimas Feridas,Amanhecer,Crescente,Céu Claro,Dupla,Reta,4,0,3,1,3,SR-SP,2
339179,2021-02-07,domingo,11:39:00,SP,JACAREI,Avarias e/ou desgaste excessivo no pneu,Queda de ocupante de veículo,Com Vítimas Feridas,Pleno dia,Crescente,Sol,Dupla,Não Informado,2,0,0,2,1,SR-SP,2
339223,2021-02-07,domingo,13:30:00,SP,BARRA DO TURVO,Ingestão de álcool pelo condutor,Saída de leito carroçável,Sem Vítimas,Pleno dia,Crescente,Céu Claro,Dupla,Retorno Regulamentado,1,0,1,0,1,SR-SP,2
339228,2021-02-07,domingo,16:35:00,SP,APARECIDA,Ingestão de álcool ou de substâncias psicoativas pelo pedestre,Atropelamento de Pedestre,Com Vítimas Feridas,Pleno dia,Decrescente,Garoa/Chuvisco,Dupla,Não Informado,2,0,1,1,1,SR-SP,2
339233,2021-02-07,domingo,16:15:00,SP,EMBU DAS ARTES,Ausência de reação do condutor,Colisão lateral mesmo sentido,Com Vítimas Feridas,Pleno dia,Crescente,Céu Claro,Dupla,Reta,2,0,1,1,2,SR-SP,2
339247,2021-02-07,domingo,17:30:00,SP,SAO JOSE DO RIO PRETO,Ingestão de álcool pelo condutor,Saída de leito carroçável,Com Vítimas Feridas,Pleno dia,Decrescente,Sol,Dupla,Reta,1,0,0,1,1,SR-SP,2
339301,2021-02-07,domingo,20:40:00,SP,SAO JOSE DOS CAMPOS,Ingestão de álcool e/ou substâncias psicoativas pelo pedestre,Colisão lateral,Sem Vítimas,Plena Noite,Crescente,Céu Claro,Múltipla,Reta,3,0,2,0,2,SR-SP,2
339338,2021-02-07,domingo,21:00:00,SP,GUARATINGUETA,Pedestre cruzava a pista fora da faixa,Atropelamento de Pedestre,Com Vítimas Feridas,Plena Noite,Decrescente,Nublado,Dupla,Reta,2,0,0,2,1,SR-SP,2
339340,2021-02-07,domingo,23:56:00,SP,PINDAMONHANGABA,Avarias e/ou desgaste excessivo no pneu,Tombamento,Com Vítimas Feridas,Plena Noite,Decrescente,Nublado,Dupla,Não Informado,1,0,0,1,1,SR-SP,2
339348,2021-02-08,segunda-feira,03:00:00,SP,SAO JOSE DO RIO PRETO,Ingestão de álcool pelo condutor,Saída de leito carroçável,Com Vítimas Feridas,Plena Noite,Decrescente,Céu Claro,Simples,Curva,1,0,0,1,1,SR-SP,2
339364,2021-02-08,segunda-feira,05:40:00,SP,CACAPAVA,Demais falhas mecânicas ou elétricas,Colisão com objeto,Com Vítimas Feridas,Pleno dia,Crescente,Céu Claro,Dupla,Reta,4,0,3,1,3,SR-SP,2
339454,2021-02-08,segunda-feira,16:00:00,SP,GUARULHOS,Problema com o freio,Colisão traseira,Com Vítimas Feridas,Pleno dia,Crescente,Nublado,Múltipla,Reta,2,0,1,1,2,SR-SP,2
339485,2021-02-08,segunda-feira,18:20:00,SP,MIRACATU,Demais falhas na via,Atropelamento de Pedestre,Com Vítimas Feridas,Anoitecer,Decrescente,Céu Claro,Dupla,Reta,2,0,1,1,1,SR-SP,2
339529,2021-02-09,terça-feira,02:20:00,SP,GUARULHOS,Condutor Dormindo,Colisão com objeto,Com Vítimas Feridas,Plena Noite,Decrescente,Céu Claro,Múltipla,Desvio Temporário,4,0,3,1,2,SR-SP,2
339533,2021-02-09,terça-feira,04:00:00,SP,ATIBAIA,Ingestão de álcool pelo condutor,Saída de leito carroçável,Sem Vítimas,Plena Noite,Decrescente,Céu Claro,Dupla,Não Informado,1,0,1,0,1,SR-SP,2
339551,2021-02-09,terça-feira,07:50:00,SP,UBATUBA,Trafegar com motocicleta (ou similar) entre as faixas,Colisão transversal,Com Vítimas Feridas,Amanhecer,Decrescente,Sol,Simples,Interseção de vias,4,0,2,1,2,SR-SP,2
339570,2021-02-09,terça-feira,09:10:00,SP,TAUBATE,Obstrução na via,Colisão traseira,Sem Vítimas,Pleno dia,Crescente,Céu Claro,Dupla,Reta,2,0,2,0,2,SR-SP,2
339578,2021-02-09,terça-feira,10:45:00,SP,ITAPECERICA DA SERRA,Acessar a via sem observar a presença dos outros veículos,Colisão traseira,Com Vítimas Feridas,Pleno dia,Decrescente,Céu Claro,Dupla,Curva,4,0,3,1,2,SR-SP,2
339655,2021-01-09,sábado,02:13:00,SP,CACAPAVA,Condutor deixou de manter distância do veículo da frente,Colisão traseira,Com Vítimas Feridas,Anoitecer,Decrescente,Céu Claro,Dupla,Reta,2,0,1,1,2,SR-SP,1
339663,2021-02-09,terça-feira,16:30:00,SP,CAJATI,Demais falhas mecânicas ou elétricas,Incêndio,Sem Vítimas,Pleno dia,Crescente,Céu Claro,Dupla,Reta,1,0,1,0,1,SR-SP,2
339699,2021-02-09,terça-feira,20:50:00,SP,SAO LOURENCO DA SERRA,Pedestre cruzava a pista fora da faixa,Atropelamento de Pedestre,Com Vítimas Feridas,Plena Noite,Crescente,Céu Claro,Dupla,Não Informado,2,0,1,1,1,SR-SP,2
339755,2021-02-10,quarta-feira,07:50:00,SP,SAO JOSE DOS CAMPOS,Condutor deixou de manter distância do veículo da frente,Colisão traseira,Com Vítimas Feridas,Pleno dia,Crescente,Nublado,Dupla,Reta,3,0,2,1,2,SR-SP,2
339786,2021-02-10,quarta-feira,09:50:00,SP,SAO JOSE DO RIO PRETO,Condutor deixou de manter distância do veículo da frente,Colisão traseira,Com Vítimas Feridas,Pleno dia,Crescente,Céu Claro,Dupla,Não Informado,5,0,3,1,4,SR-SP,2
339803,2021-02-10,quarta-feira,12:30:00,SP,APARECIDA,Manobra de mudança de faixa,Colisão lateral,Com Vítimas Feridas,Pleno dia,Crescente,Sol,Dupla,Reta,2,0,1,1,2,SR-SP,2
339815,2021-02-10,quarta-feira,13:00:00,SP,ATIBAIA,Reação tardia ou ineficiente do condutor,Derramamento de carga,Com Vítimas Feridas,Pleno dia,Decrescente,Céu Claro,Dupla,Reta,1,0,0,1,1,SR-SP,2
339816,2021-02-10,quarta-feira,13:20:00,SP,SAO JOSE DOS CAMPOS,Avarias e/ou desgaste excessivo no pneu,Tombamento,Com Vítimas Feridas,Pleno dia,Decrescente,Nublado,Dupla,Reta,2,0,0,2,1,SR-SP,2
339876,2021-02-10,quarta-feira,16:30:00,SP,NOVA GRANADA,Ingestão de álcool pelo condutor,Colisão traseira,Sem Vítimas,Pleno dia,Crescente,Céu Claro,Simples,Não Informado,2,0,2,0,2,SR-SP,2
339891,2021-02-10,quarta-feira,20:00:00,SP,ITAPECERICA DA SERRA,Frear bruscamente,Colisão traseira,Com Vítimas Feridas,Plena Noite,Crescente,Nublado,Dupla,Reta,3,0,1,2,2,SR-SP,2
339954,2021-02-11,quinta-feira,08:10:00,SP,SAO PAULO,Condutor deixou de manter distância do veículo da frente,Queda de ocupante de veículo,Com Vítimas Feridas,Pleno dia,Crescente,Nublado,Múltipla,Reta,2,0,0,2,2,SR-SP,2
339966,2021-02-07,domingo,17:30:00,SP,CAJATI,Problema com o freio,Saída de leito carroçável,Sem Vítimas,Pleno dia,Decrescente,Céu Claro,Simples,Reta,1,0,1,0,1,SR-SP,2
339968,2021-02-11,quinta-feira,10:35:00,SP,ITAPECERICA DA SERRA,Ausência de reação do condutor,Tombamento,Com Vítimas Feridas,Pleno dia,Crescente,Céu Claro,Dupla,Reta,1,0,0,1,1,SR-SP,2
339970,2021-02-11,quinta-feira,10:40:00,SP,ITAPECERICA DA SERRA,Animais na Pista,Atropelamento de Animal,Com Vítimas Feridas,Pleno dia,Crescente,Céu Claro,Dupla,Reta,1,0,0,1,1,SR-SP,2
339977,2021-02-11,quinta-feira,11:00:00,SP,OCAUCU,Desrespeitar a preferência no cruzamento,Colisão transversal,Com Vítimas Feridas,Pleno dia,Crescente,Garoa/Chuvisco,Simples,Reta,4,0,0,4,2,SR-SP,2
340033,2021-02-11,quinta-feira,16:20:00,SP,SAO JOSE DOS CAMPOS,Ingestão de álcool pelo condutor,Colisão com objeto,Sem Vítimas,Pleno dia,Decrescente,Nublado,Dupla,Retorno Regulamentado,1,0,1,0,1,SR-SP,2
340035,2021-02-11,quinta-feira,16:50:00,SP,REGISTRO,Reação tardia ou ineficiente do condutor,Colisão com objeto,Sem Vítimas,Anoitecer,Crescente,Chuva,Dupla,Curva,3,0,3,0,1,SR-SP,2
340036,2021-02-11,quinta-feira,14:40:00,SP,SAO PAULO,Chuva,Saída de leito carroçável,Com Vítimas Feridas,Pleno dia,Crescente,Chuva,Dupla,Desvio Temporário,1,0,0,1,1,SR-SP,2
340040,2021-02-11,quinta-feira,16:40:00,SP,CAJATI,Pista Escorregadia,Colisão com objeto,Com Vítimas Feridas,Pleno dia,Crescente,Chuva,Simples,Curva,1,0,0,1,1,SR-SP,2
340044,2021-02-11,quinta-feira,17:00:00,SP,ATIBAIA,Chuva,Saída de leito carroçável,Com Vítimas Feridas,Pleno dia,Decrescente,Chuva,Dupla,Reta,1,0,0,1,1,SR-SP,2
340047,2021-02-11,quinta-feira,16:40:00,SP,PINDAMONHANGABA,Acumulo de água sobre o pavimento,Saída de leito carroçável,Com Vítimas Feridas,Pleno dia,Crescente,Chuva,Dupla,Reta,5,0,0,5,1,SR-SP,2
340054,2021-01-31,domingo,02:30:00,SP,GUARULHOS,Condutor Dormindo,Colisão traseira,Com Vítimas Feridas,Plena Noite,Crescente,Nublado,Múltipla,Reta,2,0,1,1,2,SR-SP,1
340062,2021-02-11,quinta-feira,17:30:00,SP,JUQUITIBA,Ausência de reação do condutor,Colisão com objeto,Com Vítimas Feridas,Pleno dia,Crescente,Chuva,Dupla,Reta,1,0,0,1,1,SR-SP,2
340066,2021-02-11,quinta-feira,19:30:00,SP,GUARULHOS,Condutor deixou de manter distância do veículo da frente,Queda de ocupante de veículo,Com Vítimas Feridas,Plena Noite,Decrescente,Céu Claro,Múltipla,Reta,1,0,0,1,1,SR-SP,2
340071,2021-02-11,quinta-feira,19:30:00,SP,CAJATI,Afundamento ou ondulação no pavimento,Colisão com objeto,Com Vítimas Feridas,Plena Noite,Decrescente,Garoa/Chuvisco,Dupla,Reta,1,0,0,1,1,SR-SP,2
340074,2021-02-11,quinta-feira,20:29:00,SP,GUARULHOS,Pedestre andava na pista,Atropelamento de Pedestre,Com Vítimas Feridas,Plena Noite,Decrescente,Garoa/Chuvisco,Múltipla,Reta,2,0,1,1,1,SR-SP,2
340095,2021-02-11,quinta-feira,16:45:00,SP,CAJATI,Obstrução na via,Saída de leito carroçável,Sem Vítimas,Pleno dia,Decrescente,Chuva,Simples,Curva,2,0,1,0,2,SR-SP,2
340118,2021-01-14,quinta-feira,11:00:00,SP,PINDAMONHANGABA,Reação tardia ou ineficiente do condutor,Colisão traseira,Com Vítimas Feridas,Pleno dia,Crescente,Sol,Dupla,Reta,6,0,5,1,2,SR-SP,1
340119,2021-02-12,sexta-feira,02:20:00,SP,SANTA ISABEL,Velocidade Incompatível,Colisão traseira,Sem Vítimas,Plena Noite,Crescente,Garoa/Chuvisco,Dupla,Reta,2,0,2,0,2,SR-SP,2
340121,2021-02-12,sexta-feira,02:15:00,SP,TAUBATE,Manobra de mudança de faixa,Colisão traseira,Sem Vítimas,Plena Noite,Decrescente,Nublado,Dupla,Reta,2,0,2,0,2,SR-SP,2
340128,2021-02-12,sexta-feira,04:00:00,SP,TABOAO DA SERRA,Ingestão de álcool pelo condutor,Colisão lateral mesmo sentido,Com Vítimas Feridas,Plena Noite,Decrescente,Céu Claro,Dupla,Reta,3,0,1,2,2,SR-SP,2
340140,2021-02-12,sexta-feira,07:00:00,SP,JACAREI,Ausência de reação do condutor,Queda de ocupante de veículo,Com Vítimas Feridas,Pleno dia,Crescente,Nublado,Dupla,Reta,1,0,0,1,1,SR-SP,2
340146,2021-02-12,sexta-feira,07:25:00,SP,UBATUBA,Reação tardia ou ineficiente do condutor,Colisão lateral mesmo sentido,Com Vítimas Feridas,Pleno dia,Crescente,Céu Claro,Simples,Reta,2,0,0,1,2,SR-SP,2
340229,2021-02-12,sexta-feira,16:05:00,SP,SAO JOSE DO RIO PRETO,Reação tardia ou ineficiente do condutor,Tombamento,Com Vítimas Feridas,Pleno dia,Decrescente,Nublado,Múltipla,Reta,1,0,0,1,1,SR-SP,2
340235,2021-02-12,sexta-feira,16:20:00,SP,EMBU DAS ARTES,Manobra de mudança de faixa,Colisão lateral mesmo sentido,Com Vítimas Feridas,Pleno dia,Crescente,Sol,Dupla,Reta,2,0,1,1,2,SR-SP,2
340247,2021-02-12,sexta-feira,17:15:00,SP,CAJATI,Desrespeitar a preferência no cruzamento,Colisão transversal,Com Vítimas Feridas,Pleno dia,Crescente,Nublado,Dupla,Interseção de vias,5,0,4,1,2,SR-SP,2
340257,2021-02-12,sexta-feira,17:54:00,SP,BARRA DO TURVO,Velocidade Incompatível,Saída de leito carroçável,Sem Vítimas,Anoitecer,Crescente,Chuva,Dupla,Reta,1,0,1,0,1,SR-SP,2
340317,2021-02-12,sexta-feira,21:25:00,SP,ITAPECERICA DA SERRA,Acessar a via sem observar a presença dos outros veículos,Colisão lateral mesmo sentido,Com Vítimas Feridas,Plena Noite,Decrescente,Chuva,Dupla,Reta,2,0,1,1,2,SR-SP,2
340325,2021-02-12,sexta-feira,22:15:00,SP,JACUPIRANGA,Acessar a via sem observar a presença dos outros veículos,Colisão frontal,Com Vítimas Fatais,Plena Noite,Decrescente,Ignorado,Dupla,Curva,3,1,2,0,2,SR-SP,2
340359,2021-02-13,sábado,03:15:00,SP,BARRA DO TURVO,Condutor Dormindo,Colisão traseira,Com Vítimas Feridas,Plena Noite,Crescente,Ignorado,Dupla,Reta,2,0,1,1,2,SR-SP,2
340362,2021-02-13,sábado,04:30:00,SP,SAO PAULO,Reação tardia ou ineficiente do condutor,Colisão traseira,Com Vítimas Feridas,Plena Noite,Crescente,Chuva,Múltipla,Reta,3,0,1,1,2,SR-SP,2
340377,2021-02-13,sábado,06:15:00,SP,TABOAO DA SERRA,Frear bruscamente,Colisão traseira,Com Vítimas Feridas,Amanhecer,Decrescente,Garoa/Chuvisco,Dupla,Reta,4,0,2,2,3,SR-SP,2
340378,2021-02-13,sábado,06:10:00,SP,TABOAO DA SERRA,Acumulo de água sobre o pavimento,Colisão com objeto,Com Vítimas Feridas,Pleno dia,Crescente,Garoa/Chuvisco,Dupla,Reta,1,0,0,1,1,SR-SP,2
340385,2021-02-13,sábado,07:10:00,SP,JACAREI,Ingestão de álcool pelo condutor,Saída de leito carroçável,Com Vítimas Feridas,Pleno dia,Crescente,Chuva,Dupla,Reta,2,0,0,2,1,SR-SP,2
340401,2021-02-13,sábado,08:15:00,SP,MAIRIPORA,Pista Escorregadia,Colisão com objeto,Com Vítimas Feridas,Pleno dia,Crescente,Chuva,Dupla,Reta,1,0,0,1,1,SR-SP,2
340518,2021-02-13,sábado,18:10:00,SP,TAUBATE,Condutor deixou de manter distância do veículo da frente,Colisão traseira,Sem Vítimas,Pleno dia,Decrescente,Chuva,Dupla,Reta,2,0,2,0,2,SR-SP,2
340524,2021-02-13,sábado,17:40:00,SP,ITAPECERICA DA SERRA,Chuva,Capotamento,Com Vítimas Feridas,Anoitecer,Decrescente,Chuva,Dupla,Curva,4,0,1,3,1,SR-SP,2
340526,2021-02-13,sábado,18:30:00,SP,MAIRIPORA,Pista Escorregadia,Colisão com objeto,Com Vítimas Feridas,Anoitecer,Decrescente,Garoa/Chuvisco,Dupla,Reta,6,0,4,2,2,SR-SP,2
340555,2021-02-13,sábado,20:30:00,SP,EMBU DAS ARTES,Velocidade Incompatível,Colisão traseira,Com Vítimas Feridas,Plena Noite,Crescente,Céu Claro,Dupla,Reta,5,0,3,2,2,SR-SP,2