ID,DATA,DIA_SEMANA,HORARIO,ESTADO,MUNICIPIO,CAUSA_ACIDENTE,TIPO_ACIDENTE,CLASSIFICACAO_ACIDENTE,FASE_DIA,SENTIDO_VIA,CONDICAO_METEREOLOGICA,TIPO_PISTA,TRACADO_VIA,PESSOAS,MORTOS,ILESOS,FERIDOS,VEICULOS,REGIONAL,MES
349464,2021-04-01,quinta-feira,17:50:00,SP,PROMISSAO,Condutor deixou de manter distância do veículo da frente,Saída de leito carroçável,Com Vítimas Feridas,Anoitecer,Decrescente,Céu Claro,Simples,Reta,1,0,0,1,1,SR-SP,4
349480,2021-04-01,quinta-feira,21:45:00,SP,ICEM,Condutor deixou de manter distância do veículo da frente,Colisão traseira,Com Vítimas Feridas,Plena Noite,Decrescente,Céu Claro,Simples,Reta,3,0,2,1,2,SR-SP,4
349482,2021-04-01,quinta-feira,22:00:00,SP,ITAPECERICA DA SERRA,Pista Escorregadia,Capotamento,Sem Vítimas,Plena Noite,Decrescente,Garoa/Chuvisco,Dupla,Reta,1,0,0,0,1,SR-SP,4
349505,2021-04-02,sexta-feira,00:00:00,SP,SAO PAULO,Reação tardia ou ineficiente do condutor,Colisão com objeto,Com Vítimas Feridas,Plena Noite,Decrescente,Nublado,Dupla,Curva,1,0,0,1,1,SR-SP,4
349506,2021-04-02,sexta-feira,01:00:00,SP,GUARULHOS,Ingestão de álcool pelo condutor,Colisão com objeto,Sem Vítimas,Plena Noite,Decrescente,Nublado,Múltipla,Não Informado,1,0,1,0,1,SR-SP,4
349507,2021-04-02,sexta-feira,01:25:00,SP,SAO JOSE DO RIO PRETO,Ingestão de álcool pelo condutor,Colisão com objeto,Com Vítimas Feridas,Plena Noite,Crescente,Céu Claro,Dupla,Não Informado,1,0,0,1,1,SR-SP,4
349511,2021-04-02,sexta-feira,01:15:00,SP,JUQUIA,Chuva,Colisão com objeto,Sem Vítimas,Plena Noite,Crescente,Garoa/Chuvisco,Dupla,Reta,2,0,2,0,1,SR-SP,4
349519,2021-04-02,sexta-feira,05:30:00,SP,SAO PAULO,Ausência de reação do condutor,Queda de ocupante de veículo,Com Vítimas Feridas,Amanhecer,Crescente,Céu Claro,Múltipla,Reta,1,0,0,1,1,SR-SP,4
349537,2021-04-02,sexta-feira,06:40:00,SP,REGISTRO,Ausência de reação do condutor,Queda de ocupante de veículo,Com Vítimas Feridas,Pleno dia,Decrescente,Céu Claro,Dupla,Reta,1,0,0,1,1,SR-SP,4
349562,2021-04-02,sexta-feira,12:35:00,SP,ROSEIRA,Mal súbito do condutor,Colisão com objeto,Com Vítimas Feridas,Pleno dia,Decrescente,Sol,Dupla,Reta,1,0,0,1,1,SR-SP,4
349570,2021-04-02,sexta-feira,12:50:00,SP,GETULINA,Reação tardia ou ineficiente do condutor,Colisão traseira,Com Vítimas Feridas,Pleno dia,Crescente,Céu Claro,Simples,Não Informado,2,0,1,1,2,SR-SP,4
349599,2021-04-02,sexta-feira,18:10:00,SP,GUARULHOS,Acessar a via sem observar a presença dos outros veículos,Colisão traseira,Com Vítimas Feridas,Anoitecer,Decrescente,Céu Claro,Dupla,Reta,3,0,1,2,2,SR-SP,4
349633,2021-04-02,sexta-feira,19:15:00,SP,UBATUBA,Ingestão de álcool e/ou substâncias psicoativas pelo pedestre,Atropelamento de Pedestre,Com Vítimas Feridas,Plena Noite,Crescente,Céu Claro,Simples,Reta,3,0,0,3,1,SR-SP,4
349636,2021-04-02,sexta-feira,21:35:00,SP,JACAREI,Ausência de reação do condutor,Tombamento,Com Vítimas Feridas,Plena Noite,Crescente,Céu Claro,Dupla,Reta,1,0,0,1,1,SR-SP,4
349639,2021-04-02,sexta-feira,20:50:00,SP,EMBU DAS ARTES,Iluminação deficiente,Colisão lateral mesmo sentido,Com Vítimas Feridas,Plena Noite,Decrescente,Nublado,Dupla,Reta,2,0,1,1,2,SR-SP,4
349640,2021-04-02,sexta-feira,22:20:00,SP,SAO JOSE DOS CAMPOS,Velocidade Incompatível,Colisão traseira,Com Vítimas Feridas,Plena Noite,Crescente,Céu Claro,Dupla,Reta,2,0,1,1,2,SR-SP,4
349706,2021-04-03,sábado,14:50:00,SP,VARGEM,Avarias e/ou desgaste excessivo no pneu,Colisão com objeto,Com Vítimas Feridas,Pleno dia,Crescente,Céu Claro,Dupla,Não Informado,1,0,0,1,1,SR-SP,4
349717,2021-04-03,sábado,15:30:00,SP,LORENA,Avarias e/ou desgaste excessivo no pneu,Tombamento,Com Vítimas Feridas,Pleno dia,Decrescente,Céu Claro,Simples,Rotatória,2,0,1,1,1,SR-SP,4
349729,2021-04-03,sábado,16:44:00,SP,REGISTRO,Ausência de reação do condutor,Colisão traseira,Com Vítimas Feridas,Pleno dia,Decrescente,Garoa/Chuvisco,Dupla,Reta,2,0,0,1,2,SR-SP,4
349735,2021-04-03,sábado,15:50:00,SP,CAJATI,Velocidade Incompatível,Saída de leito carroçável,Com Vítimas Feridas,Pleno dia,Decrescente,Céu Claro,Dupla,Curva,2,0,0,2,1,SR-SP,4
349751,2021-04-03,sábado,18:40:00,SP,EMBU DAS ARTES,Reação tardia ou ineficiente do condutor,Colisão traseira,Com Vítimas Feridas,Plena Noite,Decrescente,Garoa/Chuvisco,Dupla,Reta,2,0,1,1,2,SR-SP,4
349818,2021-04-04,domingo,03:30:00,SP,ATIBAIA,Condutor Dormindo,Capotamento,Com Vítimas Feridas,Plena Noite,Crescente,Céu Claro,Múltipla,Reta,1,0,0,1,1,SR-SP,4
349850,2021-04-04,domingo,10:00:00,SP,LORENA,Pista Escorregadia,Tombamento,Com Vítimas Feridas,Pleno dia,Decrescente,Céu Claro,Simples,Rotatória,1,0,0,1,1,SR-SP,4
349861,2021-04-04,domingo,13:00:00,SP,TAUBATE,Avarias e/ou desgaste excessivo no pneu,Queda de ocupante de veículo,Com Vítimas Feridas,Pleno dia,Decrescente,Céu Claro,Dupla,Reta,2,0,0,2,1,SR-SP,4
349865,2021-04-04,domingo,13:15:00,SP,MIRACATU,Ausência de reação do condutor,Colisão traseira,Sem Vítimas,Pleno dia,Decrescente,Chuva,Dupla,Reta,3,0,3,0,2,SR-SP,4
349874,2021-04-04,domingo,13:00:00,SP,SAO PAULO,Frear bruscamente,Queda de ocupante de veículo,Com Vítimas Feridas,Pleno dia,Crescente,Céu Claro,Dupla,Curva,1,0,0,1,1,SR-SP,4
349876,2021-04-04,domingo,13:20:00,SP,MIRACATU,Velocidade Incompatível,Tombamento,Sem Vítimas,Pleno dia,Decrescente,Céu Claro,Dupla,Curva,1,0,1,0,1,SR-SP,4
349911,2021-04-04,domingo,17:30:00,SP,JOSE BONIFACIO,Reação tardia ou ineficiente do condutor,Tombamento,Com Vítimas Feridas,Pleno dia,Decrescente,Céu Claro,Simples,Reta,1,0,0,1,1,SR-SP,4
349914,2021-04-04,domingo,16:30:00,SP,JUQUITIBA,Chuva,Colisão lateral mesmo sentido,Com Vítimas Feridas,Pleno dia,Decrescente,Garoa/Chuvisco,Dupla,Reta,4,0,3,1,3,SR-SP,4
349942,2021-04-04,domingo,19:40:00,SP,ITAPECERICA DA SERRA,Reação tardia ou ineficiente do condutor,Colisão traseira,Com Vítimas Feridas,Plena Noite,Decrescente,Céu Claro,Dupla,Reta,4,0,2,2,2,SR-SP,4
349987,2021-04-04,domingo,23:40:00,SP,TABOAO DA SERRA,Ausência de reação do condutor,Colisão com objeto,Com Vítimas Feridas,Plena Noite,Crescente,Céu Claro,Dupla,Reta,1,0,0,1,1,SR-SP,4
349990,2021-04-04,domingo,23:10:00,SP,PARIQUERA-ACU,Velocidade Incompatível,Saída de leito carroçável,Sem Vítimas,Plena Noite,Crescente,Garoa/Chuvisco,Dupla,Curva,1,0,0,0,1,SR-SP,4
349993,2021-04-04,domingo,22:40:00,SP,GUARATINGUETA,Deficiência do Sistema de Iluminação/Sinalização,Colisão traseira,Com Vítimas Fatais,Plena Noite,Decrescente,Céu Claro,Dupla,Não Informado,2,1,0,0,2,SR-SP,4
350027,2021-04-05,segunda-feira,07:45:00,SP,SAO JOSE DOS CAMPOS,Condutor deixou de manter distância do veículo da frente,Colisão traseira,Com Vítimas Feridas,Pleno dia,Crescente,Sol,Múltipla,Desvio Temporário,2,0,1,1,2,SR-SP,4
350038,2021-04-05,segunda-feira,07:30:00,SP,SAO JOSE DOS CAMPOS,Manobra de mudança de faixa,Colisão traseira,Com Vítimas Feridas,Pleno dia,Crescente,Sol,Dupla,Reta,3,0,1,2,2,SR-SP,4
350041,2021-04-05,segunda-feira,08:10:00,SP,GUARULHOS,Condutor deixou de manter distância do veículo da frente,Colisão lateral mesmo sentido,Com Vítimas Feridas,Pleno dia,Crescente,Céu Claro,Múltipla,Reta,2,0,1,1,2,SR-SP,4
350113,2021-04-05,segunda-feira,17:55:00,SP,GUARULHOS,Condutor deixou de manter distância do veículo da frente,Colisão lateral mesmo sentido,Com Vítimas Feridas,Anoitecer,Decrescente,Céu Claro,Simples,Reta,3,0,1,2,2,SR-SP,4
350115,2021-04-05,segunda-feira,15:50:00,SP,JACAREI,Manobra de mudança de faixa,Colisão lateral mesmo sentido,Sem Vítimas,Pleno dia,Crescente,Céu Claro,Dupla,Reta,4,0,4,0,2,SR-SP,4
350141,2021-04-05,segunda-feira,19:30:00,SP,ATIBAIA,Reação tardia ou ineficiente do condutor,Saída de leito carroçável,Com Vítimas Feridas,Plena Noite,Crescente,Céu Claro,Dupla,Curva,4,0,2,2,1,SR-SP,4
350171,2021-04-05,segunda-feira,23:30:00,SP,SAO JOSE DOS CAMPOS,Ingestão de álcool pelo condutor,Colisão traseira,Sem Vítimas,Plena Noite,Decrescente,Céu Claro,Dupla,Reta,2,0,2,0,2,SR-SP,4
350220,2021-01-09,sábado,17:45:00,SP,OCAUCU,Afundamento ou ondulação no pavimento,Tombamento,Com Vítimas Feridas,Pleno dia,Decrescente,Céu Claro,Simples,Curva,2,0,0,1,1,SR-SP,1
350253,2021-04-06,terça-feira,13:30:00,SP,CAJATI,Pista Escorregadia,Colisão com objeto,Com Vítimas Feridas,Pleno dia,Decrescente,Chuva,Dupla,Curva,3,0,2,1,1,SR-SP,4
350261,2021-04-06,terça-feira,16:30:00,SP,MIRACATU,Acumulo de água sobre o pavimento,Tombamento,Com Vítimas Feridas,Pleno dia,Decrescente,Chuva,Dupla,Reta,2,0,1,1,1,SR-SP,4
350263,2021-04-06,terça-feira,16:40:00,SP,GUARULHOS,Manobra de mudança de faixa,Tombamento,Com Vítimas Feridas,Pleno dia,Crescente,Céu Claro,Dupla,Reta,1,0,0,1,1,SR-SP,4
350297,2021-04-06,terça-feira,18:10:00,SP,GUARULHOS,Manobra de mudança de faixa,Tombamento,Com Vítimas Feridas,Plena Noite,Decrescente,Chuva,Múltipla,Reta,1,0,0,1,1,SR-SP,4
350298,2021-04-06,terça-feira,18:30:00,SP,JACAREI,Manobra de mudança de faixa,Colisão lateral mesmo sentido,Com Vítimas Feridas,Plena Noite,Decrescente,Chuva,Dupla,Reta,1,0,0,1,1,SR-SP,4
350351,2021-04-07,quarta-feira,00:10:00,SP,JACAREI,Ausência de reação do condutor,Tombamento,Com Vítimas Fatais,Plena Noite,Crescente,Chuva,Dupla,Reta,4,1,3,0,4,SR-SP,4
350361,2021-04-07,quarta-feira,03:50:00,SP,CAJATI,Pista Escorregadia,Colisão com objeto,Com Vítimas Feridas,Plena Noite,Decrescente,Chuva,Dupla,Curva,1,0,0,1,1,SR-SP,4
350447,2021-04-07,quarta-feira,08:30:00,SP,SAO PAULO,Trafegar com motocicleta (ou similar) entre as faixas,Colisão traseira,Com Vítimas Feridas,Pleno dia,Crescente,Céu Claro,Múltipla,Reta,2,0,0,1,2,SR-SP,4
350454,2021-04-07,quarta-feira,17:15:00,SP,ATIBAIA,Demais falhas mecânicas ou elétricas,Colisão com objeto,Com Vítimas Feridas,Pleno dia,Crescente,Sol,Dupla,Reta,2,0,0,2,1,SR-SP,4
350473,2021-04-07,quarta-feira,18:55:00,SP,SAO PAULO,Reação tardia ou ineficiente do condutor,Colisão traseira,Com Vítimas Feridas,Plena Noite,Decrescente,Céu Claro,Múltipla,Reta,3,0,2,1,2,SR-SP,4
350559,2021-04-07,quarta-feira,23:20:00,SP,TABOAO DA SERRA,Pedestre cruzava a pista fora da faixa,Atropelamento de Pedestre,Com Vítimas Fatais,Plena Noite,Decrescente,Céu Claro,Múltipla,Reta,3,1,1,0,1,SR-SP,4
350566,2021-04-08,quinta-feira,08:00:00,SP,ARUJA,Reação tardia ou ineficiente do condutor,Colisão traseira,Sem Vítimas,Pleno dia,Decrescente,Céu Claro,Dupla,Reta,3,0,3,0,2,SR-SP,4
350571,2021-04-08,quinta-feira,07:30:00,SP,MAIRIPORA,Condutor deixou de manter distância do veículo da frente,Colisão traseira,Com Vítimas Feridas,Pleno dia,Crescente,Céu Claro,Dupla,Desvio Temporário,2,0,1,1,2,SR-SP,4
350596,2021-04-08,quinta-feira,13:30:00,SP,SAO JOSE DO RIO PRETO,Avarias e/ou desgaste excessivo no pneu,Tombamento,Com Vítimas Feridas,Pleno dia,Crescente,Céu Claro,Dupla,Reta,2,0,0,2,1,SR-SP,4
350598,2021-04-08,quinta-feira,12:00:00,SP,CAJATI,Ausência de reação do condutor,Tombamento,Com Vítimas Feridas,Pleno dia,Decrescente,Nublado,Simples,Curva,1,0,0,1,1,SR-SP,4
350628,2021-04-08,quinta-feira,17:00:00,SP,GUARULHOS,Demais falhas na via,Eventos atípicos,Com Vítimas Feridas,Pleno dia,Decrescente,Céu Claro,Múltipla,Reta,1,0,0,1,1,SR-SP,4
350633,2021-04-08,quinta-feira,18:35:00,SP,SAO PAULO,Ausência de reação do condutor,Tombamento,Com Vítimas Feridas,Plena Noite,Decrescente,Nublado,Múltipla,Reta,1,0,0,1,1,SR-SP,4
350640,2021-04-08,quinta-feira,18:06:00,SP,SAO PAULO,Condutor deixou de manter distância do veículo da frente,Queda de ocupante de veículo,Com Vítimas Feridas,Anoitecer,Decrescente,Céu Claro,Dupla,Reta,1,0,0,1,1,SR-SP,4
350665,2021-04-08,quinta-feira,21:10:00,SP,GUARULHOS,Trafegar com motocicleta (ou similar) entre as faixas,Tombamento,Com Vítimas Feridas,Plena Noite,Crescente,Céu Claro,Dupla,Não Informado,1,0,0,1,1,SR-SP,4
350676,2021-04-08,quinta-feira,22:00:00,SP,JACAREI,Curva acentuada,Tombamento,Com Vítimas Feridas,Plena Noite,Crescente,Céu Claro,Dupla,Não Informado,1,0,0,1,1,SR-SP,4
350692,2021-04-08,quinta-feira,22:45:00,SP,MIRACATU,Ausência de reação do condutor,Saída de leito carroçável,Sem Vítimas,Plena Noite,Decrescente,Céu Claro,Dupla,Reta,1,0,1,0,1,SR-SP,4
350713,2021-04-09,sexta-feira,07:30:00,SP,TABOAO DA SERRA,Ausência de reação do condutor,Colisão lateral mesmo sentido,Com Vítimas Feridas,Pleno dia,Decrescente,Céu Claro,Dupla,Curva,2,0,0,1,2,SR-SP,4
350721,2021-04-09,sexta-feira,08:07:00,SP,SAO JOSE DO RIO PRETO,Condutor deixou de manter distância do veículo da frente,Colisão traseira,Sem Vítimas,Pleno dia,Crescente,Céu Claro,Dupla,Não Informado,3,0,3,0,3,SR-SP,4
350731,2021-04-09,sexta-feira,09:20:00,SP,SAO PAULO,Condutor deixou de manter distância do veículo da frente,Colisão traseira,Com Vítimas Feridas,Pleno dia,Crescente,Céu Claro,Múltipla,Reta,5,0,0,4,2,SR-SP,4
350780,2021-03-28,domingo,18:15:00,SP,BARRA DO TURVO,Pista Escorregadia,Colisão com objeto,Com Vítimas Feridas,Pleno dia,Crescente,Garoa/Chuvisco,Simples,Reta,4,0,3,1,1,SR-SP,3
350789,2021-04-09,sexta-feira,16:10:00,SP,REGISTRO,Demais falhas mecânicas ou elétricas,Incêndio,Sem Vítimas,Pleno dia,Decrescente,Céu Claro,Dupla,Reta,2,0,2,0,1,SR-SP,4
350793,2021-04-09,sexta-feira,16:00:00,SP,EMBU DAS ARTES,Manobra de mudança de faixa,Colisão traseira,Com Vítimas Feridas,Pleno dia,Crescente,Céu Claro,Dupla,Desvio Temporário,3,0,0,3,2,SR-SP,4
350794,2021-04-09,sexta-feira,17:15:00,SP,BRAGANCA PAULISTA,Ausência de reação do condutor,Colisão com objeto,Com Vítimas Feridas,Pleno dia,Crescente,Céu Claro,Dupla,Curva,1,0,0,1,1,SR-SP,4
350799,2021-04-09,sexta-feira,17:00:00,SP,SAO JOSE DOS CAMPOS,Condutor deixou de manter distância do veículo da frente,Colisão traseira,Com Vítimas Feridas,Pleno dia,Crescente,Céu Claro,Dupla,Reta,2,0,1,1,2,SR-SP,4
350810,2021-04-09,sexta-feira,17:40:00,SP,SAO JOSE DOS CAMPOS,Frear bruscamente,Colisão traseira,Com Vítimas Feridas,Anoitecer,Crescente,Nublado,Dupla,Reta,2,0,1,1,2,SR-SP,4
350821,2021-04-09,sexta-feira,18:50:00,SP,SAO JOSE DO RIO PRETO,Velocidade Incompatível,Saída de leito carroçável,Com Vítimas Feridas,Plena Noite,Decrescente,Céu Claro,Dupla,Reta,2,0,0,1,1,SR-SP,4
350854,2021-04-09,sexta-feira,21:50:00,SP,GUARULHOS,Pedestre andava na pista,Atropelamento de Pedestre,Com Vítimas Fatais,Plena Noite,Decrescente,Céu Claro,Múltipla,Reta,2,1,0,0,1,SR-SP,4
350912,2021-04-09,sexta-feira,23:05:00,SP,MAIRIPORA,Reação tardia ou ineficiente do condutor,Saída de leito carroçável,Sem Vítimas,Plena Noite,Crescente,Céu Claro,Dupla,Reta,1,0,1,0,1,SR-SP,4
350928,2021-04-10,sábado,04:50:00,SP,TABOAO DA SERRA,Ausência de reação do condutor,Colisão com objeto,Sem Vítimas,Plena Noite,Crescente,Céu Claro,Dupla,Reta,1,0,0,0,1,SR-SP,4
350968,2021-04-10,sábado,10:45:00,SP,GUARULHOS,Ausência de reação do condutor,Colisão traseira,Com Vítimas Feridas,Pleno dia,Decrescente,Céu Claro,Simples,Reta,2,0,1,1,2,SR-SP,4
351003,2021-04-10,sábado,15:00:00,SP,JUQUITIBA,Acessar a via sem observar a presença dos outros veículos,Colisão transversal,Com Vítimas Feridas,Pleno dia,Crescente,Céu Claro,Dupla,Curva,2,0,1,1,2,SR-SP,4
351011,2021-04-10,sábado,15:40:00,SP,CACAPAVA,Ingestão de álcool pelo condutor,Saída de leito carroçável,Sem Vítimas,Pleno dia,Decrescente,Sol,Simples,Curva,1,0,1,0,1,SR-SP,4
351038,2021-04-09,sexta-feira,11:00:00,SP,MIRACATU,Velocidade Incompatível,Colisão com objeto,Com Vítimas Feridas,Pleno dia,Crescente,Ignorado,Dupla,Reta,1,0,0,1,1,SR-SP,4
351082,2021-04-10,sábado,22:15:00,SP,LORENA,Manobra de mudança de faixa,Saída de leito carroçável,Sem Vítimas,Plena Noite,Crescente,Céu Claro,Dupla,Reta,1,0,1,0,1,SR-SP,4
351103,2021-04-11,domingo,00:10:00,SP,SAO JOSE DO RIO PRETO,Animais na Pista,Atropelamento de Animal,Com Vítimas Feridas,Plena Noite,Crescente,Céu Claro,Simples,Desvio Temporário,4,0,2,2,1,SR-SP,4
351153,2021-04-11,domingo,10:10:00,SP,SAO PAULO,Condutor deixou de manter distância do veículo da frente,Colisão traseira,Com Vítimas Feridas,Pleno dia,Crescente,Sol,Dupla,Reta,3,0,0,2,2,SR-SP,4
351154,2021-04-11,domingo,10:30:00,SP,SANTA ISABEL,Manobra de mudança de faixa,Colisão lateral mesmo sentido,Com Vítimas Feridas,Pleno dia,Decrescente,Céu Claro,Dupla,Curva,3,0,0,2,2,SR-SP,4
351173,2021-04-11,domingo,12:12:00,SP,REGISTRO,Acessar a via sem observar a presença dos outros veículos,Colisão transversal,Com Vítimas Feridas,Pleno dia,Decrescente,Sol,Dupla,Reta,1,0,0,1,1,SR-SP,4
351183,2021-04-11,domingo,11:10:00,SP,MAIRIPORA,Reação tardia ou ineficiente do condutor,Colisão com objeto,Com Vítimas Feridas,Pleno dia,Decrescente,Céu Claro,Dupla,Curva,1,0,0,1,1,SR-SP,4
351189,2021-04-11,domingo,14:45:00,SP,TAUBATE,Demais falhas mecânicas ou elétricas,Incêndio,Sem Vítimas,Pleno dia,Decrescente,Céu Claro,Dupla,Reta,1,0,1,0,1,SR-SP,4
351198,2021-04-11,domingo,16:10:00,SP,SAO PAULO,Condutor deixou de manter distância do veículo da frente,Colisão traseira,Com Vítimas Feridas,Pleno dia,Crescente,Sol,Múltipla,Reta,4,0,0,4,2,SR-SP,4
351230,2021-04-11,domingo,17:55:00,SP,JUQUIA,Transitar no acostamento,Colisão transversal,Sem Vítimas,Anoitecer,Decrescente,Céu Claro,Dupla,Reta,3,0,3,0,3,SR-SP,4
351355,2021-04-11,domingo,22:00:00,SP,UBATUBA,Acesso irregular,Saída de leito carroçável,Sem Vítimas,Plena Noite,Decrescente,Céu Claro,Simples,Curva,1,0,1,0,1,SR-SP,4
351366,2021-04-12,segunda-feira,09:30:00,SP,ARUJA,Reação tardia ou ineficiente do condutor,Saída de leito carroçável,Com Vítimas Feridas,Pleno dia,Decrescente,Céu Claro,Múltipla,Curva,1,0,0,1,1,SR-SP,4
351377,2021-04-12,segunda-feira,10:40:00,SP,GUARAREMA,Mal súbito do condutor,Saída de leito carroçável,Com Vítimas Feridas,Pleno dia,Crescente,Céu Claro,Múltipla,Reta,1,0,0,1,1,SR-SP,4
351400,2021-04-12,segunda-feira,12:30:00,SP,EMBU DAS ARTES,Estacionar ou parar em local proibido,Colisão traseira,Com Vítimas Feridas,Pleno dia,Decrescente,Céu Claro,Dupla,Reta,2,0,1,1,2,SR-SP,4
351430,2021-04-12,segunda-feira,14:00:00,SP,TAUBATE,Ausência de reação do condutor,Colisão lateral mesmo sentido,Com Vítimas Feridas,Pleno dia,Crescente,Sol,Dupla,Interseção de vias,2,0,1,1,2,SR-SP,4
351441,2021-04-12,segunda-feira,16:55:00,SP,SAO PAULO,Condutor deixou de manter distância do veículo da frente,Colisão lateral mesmo sentido,Com Vítimas Feridas,Pleno dia,Decrescente,Céu Claro,Simples,Reta,2,0,1,1,2,SR-SP,4
351506,2021-03-23,terça-feira,15:00:00,SP,ATIBAIA,Curva acentuada,Tombamento,Com Vítimas Feridas,Pleno dia,Decrescente,Céu Claro,Dupla,Curva,1,0,0,1,1,SR-SP,3
351512,2021-04-13,terça-feira,05:00:00,SP,TABOAO DA SERRA,Ausência de reação do condutor,Colisão lateral mesmo sentido,Com Vítimas Feridas,Amanhecer,Decrescente,Chuva,Dupla,Reta,3,0,2,1,3,SR-SP,4
351546,2021-04-13,terça-feira,09:15:00,SP,EMBU DAS ARTES,Demais falhas mecânicas ou elétricas,Engavetamento,Com Vítimas Feridas,Pleno dia,Crescente,Céu Claro,Dupla,Reta,4,0,2,2,3,SR-SP,4
351572,2021-04-13,terça-feira,11:40:00,SP,MAIRIPORA,Velocidade Incompatível,Saída de leito carroçável,Com Vítimas Feridas,Pleno dia,Decrescente,Garoa/Chuvisco,Múltipla,Curva,3,0,2,1,1,SR-SP,4
351589,2021-04-13,terça-feira,13:00:00,SP,SAO JOSE DOS CAMPOS,Estacionar ou parar em local proibido,Colisão traseira,Com Vítimas Feridas,Pleno dia,Crescente,Céu Claro,Simples,Reta,2,0,1,1,2,SR-SP,4
351592,2021-04-13,terça-feira,13:00:00,SP,GUARULHOS,Acumulo de óleo sobre o pavimento,Tombamento,Com Vítimas Feridas,Pleno dia,Decrescente,Nublado,Múltipla,Reta,1,0,0,1,1,SR-SP,4
351602,2021-04-12,segunda-feira,11:15:00,SP,GUARULHOS,Condutor deixou de manter distância do veículo da frente,Colisão traseira,Com Vítimas Feridas,Pleno dia,Crescente,Céu Claro,Simples,Curva,3,0,0,2,2,SR-SP,4
351622,2021-04-13,terça-feira,16:10:00,SP,MAIRIPORA,Reação tardia ou ineficiente do condutor,Tombamento,Com Vítimas Feridas,Pleno dia,Decrescente,Céu Claro,Dupla,Curva,1,0,0,1,1,SR-SP,4
351626,2021-04-13,terça-feira,16:55:00,SP,TAUBATE,Reação tardia ou ineficiente do condutor,Tombamento,Com Vítimas Feridas,Pleno dia,Decrescente,Nublado,Dupla,Reta,1,0,0,1,1,SR-SP,4
351662,2021-04-13,terça-feira,20:15:00,SP,UBATUBA,Ingestão de álcool pelo condutor,Colisão com objeto,Com Vítimas Feridas,Plena Noite,Crescente,Chuva,Simples,Reta,3,0,1,2,1,SR-SP,4
351675,2021-04-08,quinta-feira,19:10:00,SP,GUARATINGUETA,Avarias e/ou desgaste excessivo no pneu,Queda de ocupante de veículo,Com Vítimas Feridas,Plena Noite,Crescente,Céu Claro,Dupla,Curva,1,0,0,1,1,SR-SP,4
351688,2021-04-14,quarta-feira,01:20:00,SP,BARRA DO TURVO,Demais falhas mecânicas ou elétricas,Incêndio,Sem Vítimas,Plena Noite,Decrescente,Nevoeiro/Neblina,Dupla,Reta,1,0,1,0,1,SR-SP,4
351692,2021-04-14,quarta-feira,03:45:00,SP,CAJATI,Acessar a via sem observar a presença dos outros veículos,Colisão traseira,Sem Vítimas,Plena Noite,Decrescente,Nublado,Dupla,Curva,1,0,1,0,1,SR-SP,4
351695,2021-04-14,quarta-feira,05:15:00,SP,CAJATI,Demais falhas mecânicas ou elétricas,Incêndio,Sem Vítimas,Amanhecer,Decrescente,Céu Claro,Dupla,Reta,1,0,1,0,1,SR-SP,4
351790,2021-04-14,quarta-feira,18:30:00,SP,SAO PAULO,Condutor deixou de manter distância do veículo da frente,Colisão frontal,Com Vítimas Feridas,Plena Noite,Decrescente,Céu Claro,Simples,Reta,3,0,2,1,2,SR-SP,4
351810,2021-04-14,quarta-feira,20:00:00,SP,PINDAMONHANGABA,Conversão proibida,Colisão transversal,Com Vítimas Feridas,Plena Noite,Crescente,Céu Claro,Simples,Reta,2,0,1,1,2,SR-SP,4
351852,2021-04-15,quinta-feira,06:30:00,SP,OCAUCU,Condutor Dormindo,Queda de ocupante de veículo,Com Vítimas Feridas,Amanhecer,Crescente,Céu Claro,Simples,Reta,1,0,0,1,1,SR-SP,4
351865,2021-04-15,quinta-feira,07:00:00,SP,SAO JOSE DOS CAMPOS,Condutor deixou de manter distância do veículo da frente,Colisão traseira,Com Vítimas Feridas,Pleno dia,Crescente,Céu Claro,Dupla,Reta,3,0,2,1,2,SR-SP,4
351924,2021-04-15,quinta-feira,14:20:00,SP,UBATUBA,Condutor deixou de manter distância do veículo da frente,Colisão traseira,Com Vítimas Feridas,Pleno dia,Decrescente,Céu Claro,Simples,Curva,3,0,2,1,2,SR-SP,4
351972,2021-04-15,quinta-feira,17:40:00,SP,TABOAO DA SERRA,Ausência de reação do condutor,Colisão traseira,Com Vítimas Feridas,Anoitecer,Decrescente,Céu Claro,Dupla,Reta,3,0,1,2,2,SR-SP,4
352030,2021-04-15,quinta-feira,23:50:00,SP,SAO PEDRO DO TURVO,Carga excessiva e/ou mal acondicionada,Queda de ocupante de veículo,Com Vítimas Feridas,Plena Noite,Crescente,Céu Claro,Simples,Reta,2,0,0,1,1,SR-SP,4
352033,2021-04-16,sexta-feira,01:45:00,SP,SAO JOSE DOS CAMPOS,Avarias e/ou desgaste excessivo no pneu,Tombamento,Com Vítimas Feridas,Plena Noite,Crescente,Céu Claro,Dupla,Não Informado,2,0,0,2,1,SR-SP,4
352051,2021-04-16,sexta-feira,04:10:00,SP,MIRACATU,Condutor Dormindo,Colisão traseira,Com Vítimas Feridas,Plena Noite,Decrescente,Nublado,Dupla,Reta,2,0,1,1,2,SR-SP,4
352091,2021-04-16,sexta-feira,10:00:00,SP,ROSEIRA,Reação tardia ou ineficiente do condutor,Colisão traseira,Com Vítimas Feridas,Pleno dia,Crescente,Sol,Dupla,Reta,2,0,1,1,2,SR-SP,4