ID,DATA,DIA_SEMANA,HORARIO,ESTADO,MUNICIPIO,CAUSA_ACIDENTE,TIPO_ACIDENTE,CLASSIFICACAO_ACIDENTE,FASE_DIA,SENTIDO_VIA,CONDICAO_METEREOLOGICA,TIPO_PISTA,TRACADO_VIA,PESSOAS,MORTOS,ILESOS,FERIDOS,VEICULOS,REGIONAL,MES
355638,2021-05-04,terça-feira,17:50:00,SP,BARRA DO TURVO,Reação tardia ou ineficiente do condutor,Tombamento,Com Vítimas Feridas,Anoitecer,Crescente,Céu Claro,Dupla,Curva,1,0,0,1,1,SR-SP,5
355639,2021-05-04,terça-feira,19:30:00,SP,GUARULHOS,Mal súbito do condutor,Capotamento,Com Vítimas Feridas,Plena Noite,Decrescente,Céu Claro,Dupla,Reta,1,0,0,1,1,SR-SP,5
355672,2021-05-05,quarta-feira,01:00:00,SP,BRAGANCA PAULISTA,Condutor deixou de manter distância do veículo da frente,Colisão traseira,Com Vítimas Feridas,Plena Noite,Decrescente,Céu Claro,Dupla,Reta,2,0,1,1,2,SR-SP,5
355677,2021-05-05,quarta-feira,03:00:00,SP,LAVRINHAS,Demais falhas mecânicas ou elétricas,Tombamento,Com Vítimas Feridas,Plena Noite,Decrescente,Céu Claro,Dupla,Reta,1,0,0,1,1,SR-SP,5
355706,2021-05-05,quarta-feira,07:30:00,SP,GUARULHOS,Reação tardia ou ineficiente do condutor,Colisão traseira,Com Vítimas Feridas,Pleno dia,Crescente,Céu Claro,Múltipla,Reta,3,0,2,1,3,SR-SP,5
355714,2021-05-05,quarta-feira,08:00:00,SP,TABOAO DA SERRA,Ausência de reação do condutor,Colisão traseira,Com Vítimas Feridas,Pleno dia,Decrescente,Céu Claro,Dupla,Reta,2,0,1,1,2,SR-SP,5
355717,2021-03-18,quinta-feira,18:00:00,SP,GUARULHOS,Condutor deixou de manter distância do veículo da frente,Colisão traseira,Com Vítimas Feridas,Anoitecer,Decrescente,Céu Claro,Múltipla,Reta,3,0,1,1,3,SR-SP,3
355732,2021-05-05,quarta-feira,11:30:00,SP,GUARULHOS,Condutor deixou de manter distância do veículo da frente,Colisão traseira,Com Vítimas Feridas,Pleno dia,Crescente,Céu Claro,Simples,Reta,3,0,2,1,3,SR-SP,5
355739,2021-05-05,quarta-feira,12:15:00,SP,BRAGANCA PAULISTA,Reação tardia ou ineficiente do condutor,Colisão traseira,Com Vítimas Feridas,Pleno dia,Crescente,Sol,Dupla,Curva,2,0,1,1,2,SR-SP,5
355785,2021-05-05,quarta-feira,18:30:00,SP,JACAREI,Pedestre andava na pista,Atropelamento de Pedestre,Com Vítimas Feridas,Plena Noite,Crescente,Céu Claro,Múltipla,Não Informado,4,0,2,1,1,SR-SP,5
355815,2021-02-07,domingo,22:45:00,SP,TABOAO DA SERRA,Condutor desrespeitou a iluminação vermelha do semáforo,Colisão transversal,Com Vítimas Feridas,Plena Noite,Crescente,Céu Claro,Dupla,Interseção de vias,2,0,1,1,2,SR-SP,2
355833,2021-05-05,quarta-feira,21:50:00,SP,MAIRIPORA,Curva acentuada,Tombamento,Com Vítimas Feridas,Plena Noite,Decrescente,Céu Claro,Dupla,Curva,1,0,0,1,1,SR-SP,5
355838,2021-05-05,quarta-feira,22:50:00,SP,TAUBATE,Objeto estático sobre o leito carroçável,Tombamento,Com Vítimas Feridas,Plena Noite,Crescente,Nublado,Dupla,Não Informado,1,0,0,1,1,SR-SP,5
355842,2021-05-05,quarta-feira,18:20:00,SP,SAO JOSE DOS CAMPOS,Conversão proibida,Colisão lateral mesmo sentido,Com Vítimas Feridas,Plena Noite,Crescente,Céu Claro,Dupla,Reta,2,0,1,1,2,SR-SP,5
355847,2021-05-06,quinta-feira,00:34:00,SP,GUARULHOS,Velocidade Incompatível,Colisão com objeto,Sem Vítimas,Plena Noite,Decrescente,Céu Claro,Dupla,Curva,1,0,0,0,1,SR-SP,5
355874,2021-05-06,quinta-feira,06:45:00,SP,CACAPAVA,Condutor Dormindo,Tombamento,Com Vítimas Feridas,Amanhecer,Decrescente,Céu Claro,Dupla,Reta,1,0,0,1,1,SR-SP,5
355899,2021-05-06,quinta-feira,08:59:00,SP,JACAREI,Demais falhas mecânicas ou elétricas,Tombamento,Sem Vítimas,Pleno dia,Decrescente,Céu Claro,Dupla,Reta,3,0,3,0,3,SR-SP,5
355906,2021-05-06,quinta-feira,08:40:00,SP,GUARULHOS,Reação tardia ou ineficiente do condutor,Colisão traseira,Com Vítimas Feridas,Pleno dia,Crescente,Céu Claro,Múltipla,Reta,2,0,1,1,2,SR-SP,5
355978,2021-05-06,quinta-feira,17:45:00,SP,TAUBATE,Frear bruscamente,Capotamento,Com Vítimas Feridas,Plena Noite,Crescente,Céu Claro,Dupla,Reta,1,0,0,1,1,SR-SP,5
355979,2021-05-06,quinta-feira,18:00:00,SP,GUARULHOS,Ausência de reação do condutor,Colisão lateral mesmo sentido,Com Vítimas Feridas,Anoitecer,Decrescente,Céu Claro,Múltipla,Reta,3,0,2,1,2,SR-SP,5
355984,2021-05-06,quinta-feira,18:20:00,SP,GUARULHOS,Reação tardia ou ineficiente do condutor,Colisão traseira,Com Vítimas Feridas,Plena Noite,Decrescente,Céu Claro,Múltipla,Reta,2,0,1,1,2,SR-SP,5
355986,2021-05-06,quinta-feira,14:15:00,SP,MIRACATU,Reação tardia ou ineficiente do condutor,Engavetamento,Com Vítimas Feridas,Pleno dia,Crescente,Sol,Dupla,Desvio Temporário,4,0,3,1,4,SR-SP,5
355993,2021-05-06,quinta-feira,18:00:00,SP,PINDAMONHANGABA,Transitar na contramão,Colisão lateral sentido oposto,Com Vítimas Feridas,Plena Noite,Crescente,Nublado,Dupla,Reta,1,0,0,1,1,SR-SP,5
356006,2021-05-06,quinta-feira,18:10:00,SP,TAUBATE,Condutor deixou de manter distância do veículo da frente,Colisão traseira,Sem Vítimas,Pleno dia,Crescente,Céu Claro,Dupla,Reta,1,0,1,0,1,SR-SP,5
356034,2021-05-06,quinta-feira,21:00:00,SP,MIRACATU,Acumulo de óleo sobre o pavimento,Saída de leito carroçável,Com Vítimas Feridas,Plena Noite,Crescente,Chuva,Dupla,Reta,1,0,0,1,1,SR-SP,5
356063,2021-05-07,sexta-feira,00:10:00,SP,TABOAO DA SERRA,Ausência de reação do condutor,Colisão traseira,Com Vítimas Feridas,Plena Noite,Crescente,Céu Claro,Dupla,Reta,2,0,1,1,2,SR-SP,5
356087,2021-05-07,sexta-feira,08:20:00,SP,TABOAO DA SERRA,Ausência de reação do condutor,Colisão lateral mesmo sentido,Com Vítimas Feridas,Pleno dia,Decrescente,Nublado,Dupla,Reta,2,0,1,1,2,SR-SP,5
356095,2021-05-07,sexta-feira,05:15:00,SP,BARRA DO TURVO,Pista Escorregadia,Colisão com objeto,Sem Vítimas,Amanhecer,Crescente,Chuva,Simples,Curva,6,0,6,0,4,SR-SP,5
356096,2021-05-06,quinta-feira,19:45:00,SP,JUQUIA,Reação tardia ou ineficiente do condutor,Atropelamento de Pedestre,Com Vítimas Fatais,Plena Noite,Decrescente,Nublado,Dupla,Reta,2,1,0,0,1,SR-SP,5
356130,2021-05-07,sexta-feira,10:20:00,SP,ATIBAIA,Demais falhas mecânicas ou elétricas,Eventos atípicos,Com Vítimas Feridas,Pleno dia,Crescente,Céu Claro,Múltipla,Reta,3,0,0,2,2,SR-SP,5
356171,2021-05-07,sexta-feira,15:50:00,SP,SAO PAULO,Objeto estático sobre o leito carroçável,Colisão traseira,Sem Vítimas,Pleno dia,Decrescente,Nublado,Múltipla,Reta,2,0,2,0,2,SR-SP,5
356194,2021-05-07,sexta-feira,17:00:00,SP,ARUJA,Condutor deixou de manter distância do veículo da frente,Colisão traseira,Com Vítimas Feridas,Anoitecer,Decrescente,Nublado,Dupla,Reta,2,0,0,1,2,SR-SP,5
356200,2021-05-07,sexta-feira,16:00:00,SP,MIRACATU,Pista Escorregadia,Colisão com objeto,Sem Vítimas,Pleno dia,Crescente,Chuva,Dupla,Reta,1,0,1,0,1,SR-SP,5
356210,2021-05-07,sexta-feira,17:05:00,SP,BRAGANCA PAULISTA,Ausência de reação do condutor,Colisão traseira,Com Vítimas Feridas,Anoitecer,Decrescente,Céu Claro,Dupla,Reta,3,0,2,1,2,SR-SP,5
356211,2021-05-07,sexta-feira,18:15:00,SP,SAO PAULO,Entrada inopinada do pedestre,Atropelamento de Pedestre,Com Vítimas Feridas,Plena Noite,Decrescente,Céu Claro,Múltipla,Reta,2,0,1,1,1,SR-SP,5
356218,2021-05-07,sexta-feira,18:30:00,SP,GUARULHOS,Condutor deixou de manter distância do veículo da frente,Colisão traseira,Com Vítimas Feridas,Plena Noite,Decrescente,Nublado,Múltipla,Reta,2,0,1,1,2,SR-SP,5
356252,2021-05-07,sexta-feira,19:10:00,SP,PINDAMONHANGABA,Condutor deixou de manter distância do veículo da frente,Engavetamento,Com Vítimas Feridas,Plena Noite,Decrescente,Céu Claro,Dupla,Reta,3,0,2,1,3,SR-SP,5
356270,2021-05-07,sexta-feira,22:10:00,SP,JUQUIA,Manobra de mudança de faixa,Colisão traseira,Sem Vítimas,Plena Noite,Crescente,Chuva,Dupla,Reta,2,0,2,0,2,SR-SP,5
356280,2021-05-07,sexta-feira,22:30:00,SP,TAUBATE,Ausência de reação do condutor,Colisão traseira,Com Vítimas Feridas,Plena Noite,Crescente,Nublado,Dupla,Reta,1,0,0,1,1,SR-SP,5
356312,2021-05-08,sábado,02:55:00,SP,TABOAO DA SERRA,Chuva,Colisão com objeto,Sem Vítimas,Plena Noite,Decrescente,Céu Claro,Dupla,Reta,1,0,0,0,1,SR-SP,5
356315,2021-05-08,sábado,03:30:00,SP,PINDAMONHANGABA,Pedestre andava na pista,Atropelamento de Pedestre,Com Vítimas Fatais,Plena Noite,Crescente,Céu Claro,Dupla,Reta,2,1,0,0,1,SR-SP,5
356334,2021-05-08,sábado,06:30:00,SP,MIRACATU,Condutor Dormindo,Saída de leito carroçável,Sem Vítimas,Pleno dia,Decrescente,Nublado,Simples,Reta,1,0,1,0,1,SR-SP,5
356352,2021-05-08,sábado,08:34:00,SP,CAJATI,Pista Escorregadia,Colisão com objeto,Com Vítimas Feridas,Pleno dia,Decrescente,Garoa/Chuvisco,Dupla,Curva,4,0,3,1,1,SR-SP,5
356383,2021-05-08,sábado,10:30:00,SP,CAJATI,Pista Escorregadia,Colisão com objeto,Com Vítimas Feridas,Pleno dia,Decrescente,Chuva,Dupla,Curva,2,0,1,1,1,SR-SP,5
356418,2021-05-08,sábado,17:15:00,SP,SANTA ISABEL,Ingestão de álcool pelo condutor,Tombamento,Sem Vítimas,Anoitecer,Decrescente,Céu Claro,Dupla,Curva,1,0,1,0,1,SR-SP,5
356420,2021-05-08,sábado,17:21:00,SP,SAO PAULO,Reação tardia ou ineficiente do condutor,Capotamento,Com Vítimas Feridas,Plena Noite,Crescente,Céu Claro,Dupla,Reta,1,0,0,1,1,SR-SP,5
356427,2021-05-08,sábado,17:40:00,SP,UBATUBA,Ingestão de álcool pelo condutor,Colisão lateral sentido oposto,Com Vítimas Feridas,Plena Noite,Crescente,Nublado,Simples,Reta,5,0,0,4,2,SR-SP,5
356437,2021-05-08,sábado,18:25:00,SP,TABOAO DA SERRA,Manobra de mudança de faixa,Colisão lateral mesmo sentido,Com Vítimas Feridas,Plena Noite,Decrescente,Céu Claro,Dupla,Reta,1,0,0,1,1,SR-SP,5
356483,2021-05-08,sábado,23:20:00,SP,SAO PAULO,Mal súbito do condutor,Colisão traseira,Com Vítimas Feridas,Plena Noite,Crescente,Céu Claro,Múltipla,Reta,2,0,1,1,2,SR-SP,5
356490,2021-05-08,sábado,22:40:00,SP,SAO JOSE DOS CAMPOS,Condutor deixou de manter distância do veículo da frente,Colisão traseira,Com Vítimas Feridas,Plena Noite,Decrescente,Nublado,Dupla,Reta,3,0,2,1,3,SR-SP,5
356496,2021-05-08,sábado,16:00:00,SP,BARRA DO TURVO,Pista Escorregadia,Saída de leito carroçável,Sem Vítimas,Pleno dia,Crescente,Nublado,Dupla,Reta,1,0,0,0,1,SR-SP,5
356497,2021-05-08,sábado,23:37:00,SP,GUARULHOS,Velocidade Incompatível,Colisão com objeto,Com Vítimas Feridas,Plena Noite,Crescente,Céu Claro,Múltipla,Reta,1,0,0,1,1,SR-SP,5
356514,2021-05-08,sábado,20:00:00,SP,SAO PAULO,Entrada inopinada do pedestre,Atropelamento de Pedestre,Com Vítimas Feridas,Anoitecer,Decrescente,Céu Claro,Dupla,Curva,2,0,0,1,1,SR-SP,5
356518,2021-05-09,domingo,01:34:00,SP,SAO PAULO,Ingestão de álcool pelo condutor,Colisão traseira,Com Vítimas Feridas,Plena Noite,Crescente,Céu Claro,Múltipla,Reta,3,0,2,1,2,SR-SP,5
356538,2021-05-09,domingo,05:30:00,SP,GUARULHOS,Reação tardia ou ineficiente do condutor,Colisão traseira,Com Vítimas Feridas,Amanhecer,Decrescente,Céu Claro,Múltipla,Reta,3,0,2,1,3,SR-SP,5
356539,2021-05-09,domingo,04:45:00,SP,JUQUITIBA,Ausência de reação do condutor,Saída de leito carroçável,Com Vítimas Feridas,Plena Noite,Crescente,Nublado,Dupla,Reta,1,0,0,1,1,SR-SP,5
356548,2021-05-09,domingo,06:20:00,SP,GUAIMBE,Ingestão de álcool pelo condutor,Colisão com objeto,Com Vítimas Feridas,Amanhecer,Decrescente,Céu Claro,Simples,Reta,1,0,0,1,1,SR-SP,5
356555,2021-05-09,domingo,03:30:00,SP,SAO JOSE DOS CAMPOS,Ingestão de álcool pelo condutor,Colisão com objeto,Sem Vítimas,Pleno dia,Crescente,Céu Claro,Dupla,Reta,1,0,0,0,1,SR-SP,5
356574,2021-05-09,domingo,08:00:00,SP,GUARULHOS,Velocidade Incompatível,Colisão com objeto,Sem Vítimas,Pleno dia,Decrescente,Céu Claro,Múltipla,Curva,1,0,0,0,1,SR-SP,5
356580,2021-05-09,domingo,09:00:00,SP,MIRACATU,Reação tardia ou ineficiente do condutor,Queda de ocupante de veículo,Com Vítimas Feridas,Pleno dia,Crescente,Sol,Dupla,Reta,1,0,0,1,1,SR-SP,5
356602,2021-05-09,domingo,12:05:00,SP,TABOAO DA SERRA,Ausência de reação do condutor,Colisão traseira,Com Vítimas Feridas,Pleno dia,Decrescente,Céu Claro,Múltipla,Reta,2,0,1,1,2,SR-SP,5
356611,2021-05-09,domingo,13:00:00,SP,SAO PAULO,Condutor deixou de manter distância do veículo da frente,Colisão traseira,Com Vítimas Feridas,Pleno dia,Crescente,Sol,Múltipla,Reta,5,0,2,1,4,SR-SP,5
356616,2021-05-09,domingo,14:10:00,SP,GUARULHOS,Manobra de mudança de faixa,Colisão traseira,Com Vítimas Feridas,Pleno dia,Crescente,Céu Claro,Múltipla,Reta,3,0,2,1,2,SR-SP,5
356646,2021-05-09,domingo,15:30:00,SP,ICEM,Reação tardia ou ineficiente do condutor,Colisão traseira,Com Vítimas Feridas,Pleno dia,Crescente,Céu Claro,Simples,Não Informado,2,0,1,1,2,SR-SP,5
356674,2021-05-09,domingo,19:00:00,SP,CAJATI,Chuva,Capotamento,Com Vítimas Feridas,Plena Noite,Decrescente,Chuva,Dupla,Curva,2,0,1,1,1,SR-SP,5
356689,2021-05-09,domingo,19:00:00,SP,ITAPECERICA DA SERRA,Ausência de reação do condutor,Colisão transversal,Com Vítimas Feridas,Plena Noite,Decrescente,Céu Claro,Dupla,Reta,2,0,0,1,2,SR-SP,5
356760,2021-05-09,domingo,23:50:00,SP,SAO PAULO,Velocidade Incompatível,Colisão traseira,Com Vítimas Feridas,Pleno dia,Decrescente,Nublado,Múltipla,Reta,3,0,0,1,2,SR-SP,5
356763,2021-05-10,segunda-feira,00:00:00,SP,EMBU DAS ARTES,Ausência de reação do condutor,Colisão com objeto,Com Vítimas Feridas,Plena Noite,Decrescente,Céu Claro,Dupla,Reta,1,0,0,1,1,SR-SP,5
356764,2021-05-09,domingo,23:55:00,SP,TAUBATE,Condutor Dormindo,Colisão com objeto,Com Vítimas Feridas,Plena Noite,Decrescente,Céu Claro,Dupla,Reta,3,0,0,1,1,SR-SP,5
356778,2021-05-10,segunda-feira,02:50:00,SP,EMBU DAS ARTES,Velocidade Incompatível,Saída de leito carroçável,Sem Vítimas,Plena Noite,Decrescente,Céu Claro,Dupla,Reta,1,0,0,0,1,SR-SP,5
356784,2021-05-10,segunda-feira,03:46:00,SP,ATIBAIA,Objeto estático sobre o leito carroçável,Colisão com objeto,Sem Vítimas,Plena Noite,Decrescente,Céu Claro,Múltipla,Reta,2,0,1,0,2,SR-SP,5
356788,2021-05-10,segunda-feira,05:30:00,SP,JACAREI,Demais falhas mecânicas ou elétricas,Colisão transversal,Sem Vítimas,Amanhecer,Crescente,Nublado,Dupla,Reta,2,0,2,0,2,SR-SP,5
356821,2021-05-10,segunda-feira,08:10:00,SP,GUARULHOS,Manobra de mudança de faixa,Colisão traseira,Com Vítimas Feridas,Pleno dia,Crescente,Céu Claro,Múltipla,Reta,2,0,1,1,2,SR-SP,5
356835,2021-05-10,segunda-feira,07:40:00,SP,CAJATI,Velocidade Incompatível,Atropelamento de Pedestre,Com Vítimas Fatais,Pleno dia,Decrescente,Céu Claro,Dupla,Curva,5,1,0,4,1,SR-SP,5
356844,2021-05-10,segunda-feira,10:00:00,SP,EMBU DAS ARTES,Ausência de reação do condutor,Colisão traseira,Com Vítimas Feridas,Pleno dia,Decrescente,Céu Claro,Dupla,Reta,3,0,1,1,3,SR-SP,5
356861,2021-05-10,segunda-feira,10:00:00,SP,VARGEM,Velocidade Incompatível,Queda de ocupante de veículo,Com Vítimas Feridas,Pleno dia,Crescente,Céu Claro,Dupla,Reta,1,0,0,1,1,SR-SP,5
356892,2021-05-10,segunda-feira,14:50:00,SP,APARECIDA,Condutor Dormindo,Saída de leito carroçável,Com Vítimas Feridas,Pleno dia,Decrescente,Sol,Dupla,Não Informado,1,0,0,1,1,SR-SP,5
356931,2021-05-10,segunda-feira,18:45:00,SP,TAUBATE,Manobra de mudança de faixa,Colisão lateral mesmo sentido,Sem Vítimas,Plena Noite,Decrescente,Céu Claro,Dupla,Reta,2,0,2,0,2,SR-SP,5
356934,2021-05-10,segunda-feira,18:00:00,SP,EMBU DAS ARTES,Ausência de reação do condutor,Colisão lateral mesmo sentido,Com Vítimas Feridas,Anoitecer,Crescente,Céu Claro,Dupla,Não Informado,2,0,1,1,2,SR-SP,5
356967,2021-05-10,segunda-feira,21:25:00,SP,GUARATINGUETA,Manobra de mudança de faixa,Colisão lateral mesmo sentido,Com Vítimas Feridas,Plena Noite,Decrescente,Nublado,Dupla,Reta,4,0,2,1,3,SR-SP,5
356970,2021-05-10,segunda-feira,22:00:00,SP,MIRACATU,Velocidade Incompatível,Tombamento,Com Vítimas Feridas,Plena Noite,Crescente,Céu Claro,Dupla,Curva,1,0,0,1,1,SR-SP,5
356971,2021-05-10,segunda-feira,19:50:00,SP,SAO JOSE DOS CAMPOS,Ausência de reação do condutor,Saída de leito carroçável,Sem Vítimas,Plena Noite,Crescente,Céu Claro,Dupla,Reta,1,0,0,0,1,SR-SP,5
356972,2021-05-10,segunda-feira,22:15:00,SP,MIRACATU,Reação tardia ou ineficiente do condutor,Colisão lateral mesmo sentido,Sem Vítimas,Plena Noite,Crescente,Nevoeiro/Neblina,Dupla,Curva,3,0,3,0,2,SR-SP,5
356978,2021-05-10,segunda-feira,21:00:00,SP,JUQUIA,Reação tardia ou ineficiente do condutor,Colisão com objeto,Sem Vítimas,Plena Noite,Crescente,Céu Claro,Dupla,Curva,1,0,1,0,1,SR-SP,5
356984,2021-05-11,terça-feira,00:00:00,SP,JUQUITIBA,Velocidade Incompatível,Tombamento,Sem Vítimas,Plena Noite,Decrescente,Céu Claro,Dupla,Reta,1,0,1,0,1,SR-SP,5
357015,2021-05-11,terça-feira,06:40:00,SP,MIRACATU,Demais falhas na via,Saída de leito carroçável,Com Vítimas Feridas,Pleno dia,Crescente,Céu Claro,Dupla,Reta,1,0,0,1,1,SR-SP,5
357023,2021-05-11,terça-feira,08:15:00,SP,JOSE BONIFACIO,Acumulo de areia ou detritos sobre o pavimento,Tombamento,Com Vítimas Feridas,Pleno dia,Decrescente,Nublado,Simples,Interseção de vias,1,0,0,1,1,SR-SP,5
357024,2021-05-11,terça-feira,08:01:00,SP,GUARULHOS,Reação tardia ou ineficiente do condutor,Colisão traseira,Com Vítimas Feridas,Pleno dia,Crescente,Céu Claro,Múltipla,Desvio Temporário,2,0,1,1,2,SR-SP,5
357035,2021-05-11,terça-feira,09:00:00,SP,EMBU DAS ARTES,Manobra de mudança de faixa,Colisão traseira,Com Vítimas Feridas,Pleno dia,Decrescente,Céu Claro,Dupla,Reta,3,0,1,2,2,SR-SP,5
357040,2021-05-11,terça-feira,10:00:00,SP,GUARULHOS,Manobra de mudança de faixa,Colisão lateral mesmo sentido,Com Vítimas Feridas,Pleno dia,Crescente,Céu Claro,Múltipla,Reta,4,0,3,1,4,SR-SP,5
357049,2021-05-11,terça-feira,10:55:00,SP,SAO JOSE DOS CAMPOS,Condutor deixou de manter distância do veículo da frente,Colisão traseira,Com Vítimas Feridas,Pleno dia,Crescente,Céu Claro,Dupla,Reta,3,0,1,2,2,SR-SP,5
357064,2021-05-11,terça-feira,11:15:00,SP,SAO PAULO,Demais Fenômenos da natureza,Colisão com objeto,Sem Vítimas,Pleno dia,Crescente,Céu Claro,Dupla,Curva,2,0,2,0,1,SR-SP,5
357066,2021-05-11,terça-feira,09:00:00,SP,GUARULHOS,Condutor deixou de manter distância do veículo da frente,Colisão traseira,Com Vítimas Feridas,Pleno dia,Crescente,Céu Claro,Dupla,Reta,2,0,1,1,2,SR-SP,5
357068,2021-05-11,terça-feira,11:30:00,SP,SAO PAULO,Manobra de mudança de faixa,Colisão transversal,Com Vítimas Feridas,Pleno dia,Decrescente,Céu Claro,Múltipla,Reta,2,0,1,1,2,SR-SP,5
357101,2021-05-11,terça-feira,17:00:00,SP,GUARULHOS,Reação tardia ou ineficiente do condutor,Colisão lateral sentido oposto,Sem Vítimas,Anoitecer,Crescente,Céu Claro,Múltipla,Curva,3,0,3,0,2,SR-SP,5
357126,2021-05-11,terça-feira,18:00:00,SP,SAO JOSE DOS CAMPOS,Condutor deixou de manter distância do veículo da frente,Colisão traseira,Com Vítimas Feridas,Anoitecer,Decrescente,Céu Claro,Múltipla,Reta,2,0,1,1,2,SR-SP,5
357158,2021-05-11,terça-feira,21:08:00,SP,GUARULHOS,Acumulo de areia ou detritos sobre o pavimento,Tombamento,Com Vítimas Feridas,Plena Noite,Decrescente,Céu Claro,Múltipla,Curva,1,0,0,1,1,SR-SP,5
357168,2021-05-11,terça-feira,22:30:00,SP,BRAGANCA PAULISTA,Velocidade Incompatível,Colisão traseira,Com Vítimas Feridas,Plena Noite,Decrescente,Céu Claro,Dupla,Reta,2,0,1,1,2,SR-SP,5
357170,2021-05-11,terça-feira,21:50:00,SP,SAO JOSE DOS CAMPOS,Condutor deixou de manter distância do veículo da frente,Colisão traseira,Com Vítimas Feridas,Plena Noite,Crescente,Céu Claro,Múltipla,Reta,2,0,1,1,2,SR-SP,5
357171,2021-05-11,terça-feira,21:05:00,SP,CAJATI,Velocidade Incompatível,Tombamento,Com Vítimas Feridas,Plena Noite,Decrescente,Céu Claro,Simples,Não Informado,1,0,0,1,1,SR-SP,5
357183,2021-05-12,quarta-feira,00:25:00,SP,MAIRIPORA,Carga excessiva e/ou mal acondicionada,Tombamento,Com Vítimas Feridas,Plena Noite,Decrescente,Céu Claro,Múltipla,Curva,3,0,2,1,1,SR-SP,5
357193,2021-05-12,quarta-feira,04:15:00,SP,TAUBATE,Pedestre andava na pista,Atropelamento de Pedestre,Com Vítimas Fatais,Plena Noite,Crescente,Céu Claro,Dupla,Reta,2,1,1,0,1,SR-SP,5
357215,2021-05-12,quarta-feira,07:15:00,SP,GUARATINGUETA,Acumulo de areia ou detritos sobre o pavimento,Tombamento,Com Vítimas Feridas,Pleno dia,Decrescente,Nublado,Simples,Não Informado,1,0,0,1,1,SR-SP,5
357223,2021-05-12,quarta-feira,07:45:00,SP,REGISTRO,Reação tardia ou ineficiente do condutor,Queda de ocupante de veículo,Com Vítimas Feridas,Pleno dia,Crescente,Chuva,Dupla,Não Informado,2,0,0,2,1,SR-SP,5
357257,2021-05-12,quarta-feira,11:20:00,SP,SAO JOSE DOS CAMPOS,Manobra de mudança de faixa,Colisão lateral mesmo sentido,Com Vítimas Feridas,Pleno dia,Crescente,Sol,Dupla,Reta,3,0,1,2,2,SR-SP,5
357287,2021-05-12,quarta-feira,15:20:00,SP,MAIRIPORA,Ausência de reação do condutor,Colisão frontal,Com Vítimas Feridas,Pleno dia,Crescente,Nublado,Dupla,Reta,3,0,2,1,3,SR-SP,5
357317,2021-05-12,quarta-feira,18:00:00,SP,GUARULHOS,Chuva,Queda de ocupante de veículo,Com Vítimas Feridas,Anoitecer,Crescente,Nublado,Simples,Reta,1,0,0,1,1,SR-SP,5
357351,2021-05-12,quarta-feira,20:45:00,SP,GUARULHOS,Reação tardia ou ineficiente do condutor,Colisão traseira,Com Vítimas Feridas,Plena Noite,Crescente,Chuva,Múltipla,Reta,2,0,1,1,1,SR-SP,5
357357,2021-05-12,quarta-feira,20:10:00,SP,SAO JOSE DOS CAMPOS,Entrada inopinada do pedestre,Atropelamento de Pedestre,Com Vítimas Feridas,Plena Noite,Decrescente,Chuva,Múltipla,Reta,2,0,1,1,1,SR-SP,5
357370,2021-05-12,quarta-feira,22:10:00,SP,JACAREI,Reação tardia ou ineficiente do condutor,Tombamento,Sem Vítimas,Plena Noite,Decrescente,Chuva,Dupla,Reta,1,0,1,0,1,SR-SP,5
357387,2021-05-13,quinta-feira,02:55:00,SP,SANTA ISABEL,Ausência de reação do condutor,Colisão traseira,Sem Vítimas,Plena Noite,Crescente,Nevoeiro/Neblina,Dupla,Não Informado,2,0,2,0,2,SR-SP,5
357390,2021-05-13,quinta-feira,03:40:00,SP,ITAPECERICA DA SERRA,Ausência de reação do condutor,Colisão com objeto,Sem Vítimas,Plena Noite,Crescente,Nublado,Dupla,Curva,1,0,1,0,1,SR-SP,5
357400,2021-05-13,quinta-feira,06:30:00,SP,EMBU DAS ARTES,Condutor deixou de manter distância do veículo da frente,Colisão traseira,Com Vítimas Feridas,Pleno dia,Decrescente,Céu Claro,Dupla,Reta,3,0,2,1,2,SR-SP,5
357413,2021-05-13,quinta-feira,08:01:00,SP,REGISTRO,Sinalização mal posicionada,Tombamento,Com Vítimas Feridas,Pleno dia,Decrescente,Chuva,Dupla,Não Informado,1,0,0,1,1,SR-SP,5
357421,2021-05-13,quinta-feira,08:50:00,SP,GUARULHOS,Trafegar com motocicleta (ou similar) entre as faixas,Colisão traseira,Com Vítimas Feridas,Pleno dia,Crescente,Nublado,Múltipla,Reta,2,0,1,1,2,SR-SP,5
357427,2021-05-13,quinta-feira,09:00:00,SP,MIRACATU,Velocidade Incompatível,Colisão traseira,Sem Vítimas,Pleno dia,Crescente,Garoa/Chuvisco,Múltipla,Não Informado,5,0,5,0,2,SR-SP,5
357452,2021-05-13,quinta-feira,11:40:00,SP,GUARATINGUETA,Ingestão de álcool pelo condutor,Saída de leito carroçável,Com Vítimas Feridas,Pleno dia,Crescente,Nublado,Múltipla,Reta,1,0,0,1,1,SR-SP,5
357495,2021-05-13,quinta-feira,17:40:00,SP,SAO JOSE DO RIO PRETO,Ausência de reação do condutor,Colisão lateral mesmo sentido,Com Vítimas Feridas,Anoitecer,Decrescente,Nublado,Dupla,Desvio Temporário,2,0,0,1,2,SR-SP,5